{
    "counter": {
        "ACTIVE": 224,
        "INACTIVE": 5,
        "INVALID": 0,
        "MALICIOUS": 0,
        "SANE": 0,
        "VALID": 0,
        "total": 229
    },
    "percentage": {
        "ACTIVE": 97.81659388646288,
        "INACTIVE": 2.6595744680851063,
        "INVALID": 0,
        "MALICIOUS": 0,
        "SANE": 0,
        "VALID": 0,
        "total": 100.476168354548
    }
}