{
    "counter": {
        "ACTIVE": 290,
        "INACTIVE": 3,
        "INVALID": 0,
        "MALICIOUS": 0,
        "SANE": 0,
        "VALID": 0,
        "total": 293
    },
    "percentage": {
        "ACTIVE": 98.97610921501706,
        "INACTIVE": 1.0676156583629892,
        "INVALID": 0,
        "MALICIOUS": 0,
        "SANE": 0,
        "VALID": 0,
        "total": 100.04372487338006
    }
}