{
    "counter": {
        "ACTIVE": 449,
        "INACTIVE": 2,
        "INVALID": 0,
        "MALICIOUS": 0,
        "SANE": 0,
        "VALID": 0,
        "total": 451
    },
    "percentage": {
        "ACTIVE": 99.55654101995566,
        "INACTIVE": 0.5865102639296188,
        "INVALID": 0,
        "MALICIOUS": 0,
        "SANE": 0,
        "VALID": 0,
        "total": 100.14305128388528
    }
}